{
  "generator-jhipster": {
    "applicationType": "monolith",
    "authenticationType": "session",
    "baseName": "newEfosJhipster",
    "blueprints": [],
    "buildTool": "maven",
    "cacheProvider": "ehcache",
    "clientFramework": "angularX",
    "clientPackageManager": "npm",
    "clientTheme": "none",
    "clientThemeVariant": "",
    "creationTimestamp": 1662343042575,
    "databaseType": "sql",
    "devDatabaseType": "postgresql",
    "devServerPort": 4200,
    "dtoSuffix": "DTO",
    "enableGradleEnterprise": false,
    "enableHibernateCache": true,
    "enableSwaggerCodegen": "true",
    "enableTranslation": true,
    "entitySuffix": "",
    "gitCompany": "",
    "jhiPrefix": "jhi",
    "jhipsterVersion": "7.9.3",
    "languages": ["en", "in"],
    "messageBroker": false,
    "nativeLanguage": "en",
    "otherModules": [],
    "packageFolder": "co/id/megasyariah/efo",
    "packageName": "co.id.megasyariah.efo",
    "pages": [],
    "prodDatabaseType": "postgresql",
    "reactive": false,
    "rememberMeKey": "8a0408357d698b560e750ac3c5f5c8d700a6aa9a4b6eb57428e40c7331a4977b0496e149878e3b737832cf3aa9a99145303a",
    "searchEngine": false,
    "serverPort": 8080,
    "serviceDiscoveryType": false,
    "skipCheckLengthOfIdentifier": false,
    "skipClient": false,
    "skipFakeData": false,
    "skipUserManagement": false,
    "testFrameworks": ["gatling", "cucumber"],
    "useSass": true,
    "websocket": "spring-websocket",
    "withAdminUi": true
  }
}
